{
    "app": {
        "1": {
            "timestamps": [
                1566608392.381245,
                1566608392.5501482,
                1566608392.7031286,
                1566608392.858041,
                1566608393.0549278,
                1566608393.2331507,
                1566608393.3991365
            ],
            "limit": "20"
        },
        "120": {
            "timestamps": [
                1566608273.429276,
                1566608273.6531496,
                1566608273.8470385,
                1566608274.0434387,
                1566608274.2793043,
                1566608274.5121698,
                1566608274.7500346,
                1566608274.9485016,
                1566608275.1094105,
                1566608275.2943034,
                1566608275.4492376,
                1566608275.6161196,
                1566608275.7790487,
                1566608275.964926,
                1566608276.153878,
                1566608276.3458846,
                1566608276.5257597,
                1566608276.7087164,
                1566608276.883514,
                1566608277.0495634,
                1566608287.7009377,
                1566608287.8738403,
                1566608288.0547354,
                1566608288.2746089,
                1566608288.442512,
                1566608288.6254108,
                1566608288.7963114,
                1566608288.991197,
                1566608289.1251247,
                1566608289.2740362,
                1566608289.4229505,
                1566608289.5886602,
                1566608289.7495654,
                1566608289.896482,
                1566608290.049557,
                1566608290.2364864,
                1566608290.3654342,
                1566608290.4923377,
                1566608290.6462507,
                1566608290.8191566,
                1566608382.401599,
                1566608382.5246935,
                1566608382.7227414,
                1566608383.0068827,
                1566608383.2639832,
                1566608383.437809,
                1566608383.6824687,
                1566608383.9274085,
                1566608384.1734307,
                1566608384.4293034,
                1566608384.5851932,
                1566608384.866218,
                1566608385.1350422,
                1566608385.3339312,
                1566608385.5458667,
                1566608385.7669976,
                1566608385.9201198,
                1566608386.093082,
                1566608386.2490833,
                1566608386.438962,
                1566608386.602896,
                1566608386.7742085,
                1566608386.9492075,
                1566608387.1161692,
                1566608387.290071,
                1566608387.4839807,
                1566608387.6759605,
                1566608387.8768456,
                1566608388.0777328,
                1566608388.266624,
                1566608388.4944239,
                1566608388.6863124,
                1566608388.8593543,
                1566608389.035724,
                1566608389.2246768,
                1566608389.3880937,
                1566608389.576985,
                1566608389.7448885,
                1566608389.9042935,
                1566608390.064458,
                1566608390.2243433,
                1566608390.3902695,
                1566608390.549214,
                1566608390.7021258,
                1566608390.8790455,
                1566608391.049094,
                1566608391.2199948,
                1566608391.3778834,
                1566608391.5571141,
                1566608391.7140403,
                1566608391.896017,
                1566608392.066236,
                1566608392.2202172,
                1566608392.381245,
                1566608392.5501482,
                1566608392.7031286,
                1566608392.858041,
                1566608393.0549278,
                1566608393.2331507,
                1566608393.3991365
            ],
            "limit": "100"
        }
    },
    "method": {
        "summoner_info": {
            "60": {
                "timestamps": [
                    1566608382.401599
                ],
                "limit": "2000"
            }
        },
        "league_info": {
            "60": {
                "timestamps": [
                    1566608382.5246935
                ],
                "limit": "270"
            }
        },
        "champion_mastery": {
            "600": {
                "timestamps": [
                    1566608082.3843114,
                    1566608262.5828278,
                    1566608263.5017786,
                    1566608264.4322395,
                    1566608265.3718727,
                    1566608266.06394,
                    1566608266.6970148,
                    1566608288.0547354,
                    1566608288.7963114,
                    1566608289.4229505,
                    1566608290.049557,
                    1566608290.6462507,
                    1566608382.7227414
                ],
                "limit": "1200000"
            },
            "10": {
                "timestamps": [
                    1566608382.7227414
                ],
                "limit": "20000"
            }
        },
        "matchlist": {
            "10": {
                "timestamps": [
                    1566608383.0068827
                ],
                "limit": "1000"
            }
        },
        "match": {
            "10": {
                "timestamps": [
                    1566608383.2639832,
                    1566608383.437809,
                    1566608383.6824687,
                    1566608383.9274085,
                    1566608384.1734307,
                    1566608384.4293034,
                    1566608384.5851932,
                    1566608384.866218,
                    1566608385.1350422,
                    1566608385.3339312,
                    1566608385.5458667,
                    1566608385.7669976,
                    1566608385.9201198,
                    1566608386.093082,
                    1566608386.2490833,
                    1566608386.438962,
                    1566608386.602896,
                    1566608386.7742085,
                    1566608386.9492075,
                    1566608387.1161692,
                    1566608387.290071,
                    1566608387.4839807,
                    1566608387.6759605,
                    1566608387.8768456,
                    1566608388.0777328,
                    1566608388.266624,
                    1566608388.4944239,
                    1566608388.6863124,
                    1566608388.8593543,
                    1566608389.035724,
                    1566608389.2246768,
                    1566608389.3880937,
                    1566608389.576985,
                    1566608389.7448885,
                    1566608389.9042935,
                    1566608390.064458,
                    1566608390.2243433,
                    1566608390.3902695,
                    1566608390.549214,
                    1566608390.7021258,
                    1566608390.8790455,
                    1566608391.049094,
                    1566608391.2199948,
                    1566608391.3778834,
                    1566608391.5571141,
                    1566608391.7140403,
                    1566608391.896017,
                    1566608392.066236,
                    1566608392.2202172,
                    1566608392.381245,
                    1566608392.5501482,
                    1566608392.7031286,
                    1566608392.858041,
                    1566608393.0549278,
                    1566608393.2331507,
                    1566608393.3991365
                ],
                "limit": "500"
            }
        }
    }
}