{
    "app": {
        "1": {
            "timestamps": [
                1566618114.7499704,
                1566618114.891887,
                1566618115.0438795,
                1566618115.2168803,
                1566618115.388763,
                1566618115.5579345,
                1566618115.7291245
            ],
            "limit": "20"
        },
        "120": {
            "timestamps": [
                1566617995.8024223,
                1566617995.981531,
                1566617996.15643,
                1566617996.337411,
                1566617996.5193055,
                1566617996.7038007,
                1566617996.8688552,
                1566617997.0507503,
                1566617997.2196543,
                1566617997.3818905,
                1566617997.5678222,
                1566617997.7247133,
                1566617997.8990352,
                1566617998.0490363,
                1566617998.2069182,
                1566617998.4048016,
                1566617998.568744,
                1566617998.7306576,
                1566617998.897555,
                1566617999.0965018,
                1566618008.3157592,
                1566618008.4786658,
                1566618008.6345978,
                1566618008.8065057,
                1566618008.9564147,
                1566618009.1043296,
                1566618009.235259,
                1566618009.3961668,
                1566618009.5131066,
                1566618009.6380372,
                1566618009.7833395,
                1566618009.9852433,
                1566618010.1191874,
                1566618010.280103,
                1566618010.4330204,
                1566618010.5699437,
                1566618010.6979096,
                1566618010.8198624,
                1566618010.9497652,
                1566618011.0976803,
                1566618105.520433,
                1566618105.6603532,
                1566618105.80027,
                1566618105.97154,
                1566618106.1484373,
                1566618106.3273351,
                1566618106.4862456,
                1566618106.6561582,
                1566618106.8181171,
                1566618106.9832268,
                1566618107.1742728,
                1566618107.3182538,
                1566618107.4621553,
                1566618107.603161,
                1566618107.7431643,
                1566618107.886241,
                1566618108.02916,
                1566618108.1850803,
                1566618108.3444746,
                1566618108.4853742,
                1566618108.6377823,
                1566618108.794869,
                1566618108.9947734,
                1566618109.19482,
                1566618109.4396613,
                1566618109.610563,
                1566618109.8275094,
                1566618110.0064695,
                1566618110.226338,
                1566618110.3663898,
                1566618110.5843308,
                1566618110.7652287,
                1566618110.9121633,
                1566618111.0581825,
                1566618111.2013292,
                1566618111.4294164,
                1566618111.6106374,
                1566618111.8554757,
                1566618112.049397,
                1566618112.2342696,
                1566618112.4951198,
                1566618112.6960049,
                1566618112.9173858,
                1566618113.15425,
                1566618113.3561475,
                1566618113.5175514,
                1566618113.660469,
                1566618113.7973902,
                1566618113.9623926,
                1566618114.103299,
                1566618114.2582603,
                1566618114.4034154,
                1566618114.5838785,
                1566618114.7499704,
                1566618114.891887,
                1566618115.0438795,
                1566618115.2168803,
                1566618115.388763,
                1566618115.5579345,
                1566618115.7291245
            ],
            "limit": "100"
        }
    },
    "method": {
        "summoner_info": {
            "60": {
                "timestamps": [
                    1566618105.520433
                ],
                "limit": "2000"
            }
        },
        "league_info": {
            "60": {
                "timestamps": [
                    1566618105.6603532
                ],
                "limit": "270"
            }
        },
        "champion_mastery": {
            "600": {
                "timestamps": [
                    1566617985.584207,
                    1566617986.2108564,
                    1566617986.8484902,
                    1566617987.4491458,
                    1566617988.0877807,
                    1566617988.8483665,
                    1566618008.6345978,
                    1566618009.235259,
                    1566618009.7833395,
                    1566618010.4330204,
                    1566618010.9497652,
                    1566618105.80027
                ],
                "limit": "1200000"
            },
            "10": {
                "timestamps": [
                    1566618105.80027
                ],
                "limit": "20000"
            }
        },
        "matchlist": {
            "10": {
                "timestamps": [
                    1566618105.97154
                ],
                "limit": "1000"
            }
        },
        "match": {
            "10": {
                "timestamps": [
                    1566618106.1484373,
                    1566618106.3273351,
                    1566618106.4862456,
                    1566618106.6561582,
                    1566618106.8181171,
                    1566618106.9832268,
                    1566618107.1742728,
                    1566618107.3182538,
                    1566618107.4621553,
                    1566618107.603161,
                    1566618107.7431643,
                    1566618107.886241,
                    1566618108.02916,
                    1566618108.1850803,
                    1566618108.3444746,
                    1566618108.4853742,
                    1566618108.6377823,
                    1566618108.794869,
                    1566618108.9947734,
                    1566618109.19482,
                    1566618109.4396613,
                    1566618109.610563,
                    1566618109.8275094,
                    1566618110.0064695,
                    1566618110.226338,
                    1566618110.3663898,
                    1566618110.5843308,
                    1566618110.7652287,
                    1566618110.9121633,
                    1566618111.0581825,
                    1566618111.2013292,
                    1566618111.4294164,
                    1566618111.6106374,
                    1566618111.8554757,
                    1566618112.049397,
                    1566618112.2342696,
                    1566618112.4951198,
                    1566618112.6960049,
                    1566618112.9173858,
                    1566618113.15425,
                    1566618113.3561475,
                    1566618113.5175514,
                    1566618113.660469,
                    1566618113.7973902,
                    1566618113.9623926,
                    1566618114.103299,
                    1566618114.2582603,
                    1566618114.4034154,
                    1566618114.5838785,
                    1566618114.7499704,
                    1566618114.891887,
                    1566618115.0438795,
                    1566618115.2168803,
                    1566618115.388763,
                    1566618115.5579345,
                    1566618115.7291245
                ],
                "limit": "500"
            }
        }
    }
}