{
    "app": {
        "1": {
            "timestamps": [
                1566776319.0029635,
                1566776319.1549318,
                1566776319.3118994,
                1566776319.482802,
                1566776319.6557012
            ],
            "limit": "20"
        },
        "120": {
            "timestamps": [
                1566776199.521865,
                1566776199.6777837,
                1566776199.8088288,
                1566776199.927186,
                1566776200.0592709,
                1566776200.2372715,
                1566776200.3824725,
                1566776200.573024,
                1566776200.7329578,
                1566776200.8770785,
                1566776201.0161712,
                1566776201.1560724,
                1566776201.293347,
                1566776201.4364774,
                1566776201.6271691,
                1566776201.8925276,
                1566776202.1224504,
                1566776202.3093364,
                1566776202.4892561,
                1566776202.6495695,
                1566776202.793465,
                1566776203.0231075,
                1566776203.173024,
                1566776203.3429255,
                1566776203.5528712,
                1566776203.7229545,
                1566776203.9230819,
                1566776204.0673506,
                1566776204.204404,
                1566776204.341836,
                1566776204.5427196,
                1566776204.6929245,
                1566776204.8182738,
                1566776204.9826777,
                1566776234.4214816,
                1566776234.5396917,
                1566776234.6601713,
                1566776234.7962823,
                1566776234.9132745,
                1566776235.0354607,
                1566776235.331831,
                1566776235.5107508,
                1566776235.6719642,
                1566776235.8509285,
                1566776236.0228357,
                1566776236.2267442,
                1566776236.4347217,
                1566776236.6086218,
                1566776236.7516255,
                1566776236.908178,
                1566776237.0210788,
                1566776237.1300805,
                1566776237.269999,
                1566776237.461889,
                1566776237.6457841,
                1566776237.8126884,
                1566776237.9638848,
                1566776238.1011221,
                1566776238.2412612,
                1566776238.3934047,
                1566776238.534566,
                1566776238.6658897,
                1566776238.8518891,
                1566776239.0427618,
                1566776239.2510886,
                1566776239.4480062,
                1566776239.5943666,
                1566776239.755275,
                1566776239.9202254,
                1566776240.0576131,
                1566776240.2654924,
                1566776240.4643788,
                1566776240.6752582,
                1566776240.9201183,
                1566776241.1120079,
                1566776241.3238862,
                1566776241.5617692,
                1566776241.7606728,
                1566776241.9126234,
                1566776242.0925062,
                1566776242.2630126,
                1566776242.4150293,
                1566776242.5559309,
                1566776242.6894574,
                1566776242.8683555,
                1566776243.0322857,
                1566776243.2132037,
                1566776243.3722696,
                1566776243.5322716,
                1566776243.7052462,
                1566776243.901238,
                1566776244.0621798,
                1566776244.2077098,
                1566776244.3897438,
                1566776319.0029635,
                1566776319.1549318,
                1566776319.3118994,
                1566776319.482802,
                1566776319.6557012
            ],
            "limit": "100"
        }
    },
    "method": {
        "summoner_info": {
            "60": {
                "timestamps": [
                    1566776198.787395,
                    1566776199.2598999,
                    1566776199.8088288,
                    1566776234.4214816,
                    1566776234.9132745,
                    1566776235.6719642,
                    1566776236.4347217,
                    1566776237.0210788
                ],
                "limit": "2000"
            }
        },
        "league_info": {
            "60": {
                "timestamps": [
                    1566776198.8956022,
                    1566776199.375968,
                    1566776199.927186,
                    1566776234.5396917,
                    1566776235.0354607,
                    1566776235.8509285,
                    1566776236.6086218,
                    1566776237.1300805
                ],
                "limit": "270"
            }
        },
        "champion_mastery": {
            "600": {
                "timestamps": [
                    1566775749.4033449,
                    1566775749.9566324,
                    1566775750.5229883,
                    1566775798.9030597,
                    1566775799.423598,
                    1566775800.067634,
                    1566775850.5664427,
                    1566775851.1390707,
                    1566775851.677923,
                    1566776066.8776321,
                    1566776067.4061482,
                    1566776067.959251,
                    1566776199.0135748,
                    1566776199.521865,
                    1566776200.0592709,
                    1566776234.6601713,
                    1566776235.331831,
                    1566776236.0228357,
                    1566776236.7516255,
                    1566776237.269999
                ],
                "limit": "1200000"
            },
            "10": {
                "timestamps": [
                    1566776234.6601713,
                    1566776235.331831,
                    1566776236.0228357,
                    1566776236.7516255,
                    1566776237.269999
                ],
                "limit": "20000"
            }
        },
        "matchlist": {
            "10": {
                "timestamps": [
                    1566776234.7962823,
                    1566776235.5107508,
                    1566776236.2267442,
                    1566776236.908178,
                    1566776237.461889
                ],
                "limit": "1000"
            }
        },
        "match": {
            "10": {
                "timestamps": [
                    1566776319.0029635,
                    1566776319.1549318,
                    1566776319.3118994,
                    1566776319.482802,
                    1566776319.6557012
                ],
                "limit": "500"
            }
        }
    }
}