{
    "app": {
        "1": {
            "timestamps": [
                1566959587.492685,
                1566959587.6405985,
                1566959587.8134987,
                1566959587.987398,
                1566959588.159307,
                1566959588.3232052,
                1566959588.4791415,
                1566959588.6320527
            ],
            "limit": "20"
        },
        "120": {
            "timestamps": [
                1566959521.3468997,
                1566959521.4938166,
                1566959521.6922135,
                1566959521.9550624,
                1566959522.0889854,
                1566959522.2208862,
                1566959522.3907893,
                1566959522.581679,
                1566959522.718601,
                1566959522.8945122,
                1566959523.0783997,
                1566959523.265292,
                1566959523.4192042,
                1566959523.5701168,
                1566959523.7330234,
                1566959523.8869352,
                1566959524.0688305,
                1566959524.2777119,
                1566959524.4556193,
                1566959524.6055343,
                1566959524.7734363,
                1566959524.9373431,
                1566959525.0962522,
                1566959525.2421737,
                1566959525.401077,
                1566959525.563984,
                1566959525.7408829,
                1566959525.9167817,
                1566959526.0726917,
                1566959526.2495902,
                1566959526.4304872,
                1566959526.5873973,
                1566959526.7682939,
                1566959526.9631813,
                1566959527.1180923,
                1566959527.2750015,
                1566959527.4349113,
                1566959527.6078117,
                1566959527.7757165,
                1566959527.9556127,
                1566959528.1405075,
                1566959528.333396,
                1566959581.6969008,
                1566959581.8588507,
                1566959582.0320923,
                1566959582.2209845,
                1566959582.3878884,
                1566959582.5408332,
                1566959582.7727551,
                1566959582.9721673,
                1566959583.1220808,
                1566959583.2749934,
                1566959583.4359362,
                1566959583.6123302,
                1566959583.837202,
                1566959584.046081,
                1566959584.200993,
                1566959584.3499067,
                1566959584.5058281,
                1566959584.6537404,
                1566959584.8146498,
                1566959584.982553,
                1566959585.1654487,
                1566959585.349342,
                1566959585.5062964,
                1566959585.6951413,
                1566959585.8390558,
                1566959586.0159533,
                1566959586.1728632,
                1566959586.3208218,
                1566959586.4967217,
                1566959586.6646233,
                1566959586.8295548,
                1566959586.9974568,
                1566959587.16387,
                1566959587.328777,
                1566959587.492685,
                1566959587.6405985,
                1566959587.8134987,
                1566959587.987398,
                1566959588.159307,
                1566959588.3232052,
                1566959588.4791415,
                1566959588.6320527
            ],
            "limit": "100"
        }
    },
    "method": {
        "summoner_info": {
            "60": {
                "timestamps": [
                    1566959581.6969008,
                    1566959582.3878884,
                    1566959583.1220808
                ],
                "limit": "2000"
            }
        },
        "league_info": {
            "60": {
                "timestamps": [
                    1566959581.8588507,
                    1566959582.5408332,
                    1566959583.2749934
                ],
                "limit": "270"
            }
        },
        "champion_mastery": {
            "600": {
                "timestamps": [
                    1566959167.398137,
                    1566959168.9595187,
                    1566959169.5712807,
                    1566959210.0668104,
                    1566959210.722435,
                    1566959211.3240893,
                    1566959521.6922135,
                    1566959522.3907893,
                    1566959523.0783997,
                    1566959582.0320923,
                    1566959582.7727551,
                    1566959583.4359362
                ],
                "limit": "1200000"
            },
            "10": {
                "timestamps": [
                    1566959582.0320923,
                    1566959582.7727551,
                    1566959583.4359362
                ],
                "limit": "20000"
            }
        },
        "matchlist": {
            "10": {
                "timestamps": [
                    1566959582.2209845,
                    1566959582.9721673,
                    1566959583.6123302
                ],
                "limit": "1000"
            }
        },
        "match": {
            "10": {
                "timestamps": [
                    1566959583.837202,
                    1566959584.046081,
                    1566959584.200993,
                    1566959584.3499067,
                    1566959584.5058281,
                    1566959584.6537404,
                    1566959584.8146498,
                    1566959584.982553,
                    1566959585.1654487,
                    1566959585.349342,
                    1566959585.5062964,
                    1566959585.6951413,
                    1566959585.8390558,
                    1566959586.0159533,
                    1566959586.1728632,
                    1566959586.3208218,
                    1566959586.4967217,
                    1566959586.6646233,
                    1566959586.8295548,
                    1566959586.9974568,
                    1566959587.16387,
                    1566959587.328777,
                    1566959587.492685,
                    1566959587.6405985,
                    1566959587.8134987,
                    1566959587.987398,
                    1566959588.159307,
                    1566959588.3232052,
                    1566959588.4791415,
                    1566959588.6320527
                ],
                "limit": "500"
            }
        }
    }
}